H_m,t_m,P_N,vonMises_Pa,tip_deflection_m
0.143764,0.02743,3990.59,37064242.337,0.000911118
0.083781,0.012504,4430.99,250130741.421,0.010473984
0.05079,0.025531,4086.81,275982687.696,0.018431047
0.12019,0.012576,1752.92,49945329.635,0.001467874
0.08823,0.016127,2770.47,110154896.695,0.004387181
0.133025,0.029888,4066.98,40200706.653,0.001067954
0.143327,0.029724,1468.89,12663601.481,0.000312249
0.074032,0.020313,697.74,30437261.815,0.001435109
0.055352,0.017872,2597.93,216244257.119,0.013366931
0.187575,0.020731,2813.53,20798916.764,0.000391545
0.124531,0.011188,553.07,16558730.821,0.000469788
0.07886,0.022301,1402.73,49646181.695,0.002203626
0.10543,0.005093,4235.21,381825991.621,0.012775087
0.073169,0.01169,4461.49,345495358.737,0.016472668
0.126469,0.026179,3378.73,41980112.384,0.001172854
0.161266,0.007287,2935.15,82397663.814,0.001805245
0.126166,0.026783,2125.69,25932971.854,0.000726255
0.139728,0.006481,2244.34,93148806.646,0.002355965
0.098455,0.008755,4173.52,248999713.812,0.008910745
0.106917,0.029469,3154.96,47879715.476,0.001579996
0.140758,0.02095,3544.03,44871931.099,0.001126612
0.072618,0.016008,1578.04,90476550.738,0.004344868
0.110375,0.007418,4855.23,275639310.498,0.008814495
0.082251,0.021794,1851.89,62059335.649,0.002645319
0.181112,0.021555,1092.27,8303961.712,0.000161925
0.176761,0.028624,4567.63,27394250.934,0.000547378
0.135458,0.008636,1366.09,45142923.148,0.00117774
0.189186,0.018808,1312.49,10520929.787,0.000196367
0.182609,0.021039,3063.62,23489915.146,0.000454277
0.106443,0.015274,1577.7,46583776.218,0.001543977
0.055709,0.026905,2604.79,142427461.722,0.008752839
0.132145,0.013054,3880.96,88947084.013,0.002378618
0.05378,0.014305,636.58,69579395.495,0.004414591
0.068434,0.029179,3459.92,121183632.718,0.006155475
0.114233,0.018094,4427.64,96559862.445,0.002984619
0.101632,0.019757,3576.58,89077365.377,0.003089929
0.103312,0.017977,3943.61,104659753.886,0.003572378
0.186377,0.008777,4700.39,83086630.941,0.001574221
0.050777,0.023824,4147.37,300260630.333,0.020056967
0.070515,0.015473,4168.65,260833008.173,0.012879604
0.052141,0.020712,4068.61,323879545.211,0.021128692
0.126951,0.023146,1518.91,21190805.02,0.000589798
0.079778,0.014078,1307.33,71749962.226,0.003149551
0.101909,0.028703,3080.0,52531277.2,0.001817334
0.10101,0.011788,4784.18,202023363.114,0.007050169
0.116672,0.02951,2819.85,36225630.153,0.00109652
0.128175,0.027414,3842.45,44443543.951,0.001225213
0.137098,0.015666,4451.85,79261223.618,0.002043146
0.111747,0.028069,809.22,11859932.748,0.000374656
0.1145,0.017988,4779.22,104377484.383,0.003218821
0.08765,0.025151,3544.12,91472344.008,0.003666522
0.157563,0.020741,4872.02,50237010.03,0.001126586
0.099902,0.014957,1413.1,48015349.6,0.001693874
0.057606,0.010323,4619.59,621087221.905,0.037021171
0.176025,0.00781,3217.01,71277212.907,0.001430203
0.121879,0.019867,3466.74,60889610.801,0.001764876
0.095999,0.029034,2596.28,48976730.687,0.001796599
0.144215,0.020881,1327.5,16100740.457,0.000394552
0.05928,0.015288,3938.14,340000675.413,0.01974084
0.172283,0.02325,1009.42,7828019.198,0.000160497
0.187003,0.025051,4449.61,27380127.173,0.00051702
0.128496,0.027891,709.94,8032588.482,0.00022089
0.054543,0.005505,1637.46,453871184.101,0.028432215
0.087285,0.009688,3051.75,206079456.356,0.008293819
0.055848,0.01976,1247.05,92445157.881,0.005668313
0.151681,0.005527,1897.57,78961755.562,0.001839593
0.190751,0.01846,4152.14,33381797.511,0.000617921
0.148704,0.020269,1360.64,16034541.428,0.000381054
0.136159,0.005992,4107.49,193716778.024,0.005027902
0.194011,0.02635,728.19,3970715.885,7.2262e-05
0.100799,0.01295,1007.23,38869006.666,0.001359234
0.143992,0.024936,1911.75,19473098.516,0.000477933
0.179421,0.024928,1081.12,7235650.375,0.000142427
0.165029,0.027066,1387.77,10037175.114,0.000214872
0.136046,0.020969,3242.0,43762569.256,0.001136796
0.064437,0.02153,3343.8,176826615.525,0.009503164
0.173583,0.025088,1972.26,13972007.006,0.000284314
0.158307,0.026682,4518.26,35890568.344,0.000801066
0.074227,0.005668,3428.63,533503402.086,0.025091602
0.082201,0.019093,4751.62,181963639.566,0.007760788
0.106898,0.011319,2554.3,100951539.802,0.00333191
0.148587,0.007527,2212.63,70316298.49,0.00167236
0.070058,0.021561,4237.49,192518768.1,0.009564875
0.106528,0.014293,2927.85,92241804.146,0.003054869
0.082259,0.011185,1984.34,129545540.986,0.00552144
0.118614,0.007038,3887.29,202924825.212,0.006042579
0.136858,0.012492,848.96,19018560.557,0.000491107
0.164477,0.008277,1099.43,26168909.051,0.0005621
0.069603,0.007032,4578.77,645444543.611,0.032265708
0.090387,0.01266,4247.57,205666206.42,0.008001144
0.142989,0.009679,2456.66,65338281.335,0.001614873
0.182588,0.014384,3698.97,41491482.894,0.000802502
0.064521,0.023183,3994.13,195696928.675,0.010504483
0.173865,0.021855,2168.3,17578313.884,0.000357115
0.059632,0.017969,3908.57,284118719.752,0.016406647
0.078626,0.011656,2912.54,198306142.211,0.008827328
0.16225,0.027415,1065.84,7861676.564,0.000171193
0.077641,0.024988,3400.35,110523642.418,0.004979625
0.158146,0.029919,4726.31,33546002.228,0.000749501
0.176454,0.024428,2277.59,16059371.67,0.000321452
0.146184,0.009611,3917.73,100593621.359,0.002431829
0.163654,0.023032,2501.6,21604023.873,0.000466391
0.106727,0.015494,650.03,18825028.288,0.000622302
0.176648,0.018559,2243.83,20780530.376,0.000415493
0.132204,0.023041,2216.57,28757422.333,0.000768687
0.174596,0.027987,2243.45,14089373.59,0.000285032
0.070672,0.024009,4968.27,199524247.1,0.009831441
0.072198,0.022817,4213.96,171303383.499,0.008271756
0.188086,0.008085,913.14,17219891.237,0.000323286
0.198181,0.007919,1295.63,22572395.975,0.00040212
0.136243,0.016157,3876.76,67729619.305,0.001756837
0.078584,0.027861,1477.38,42124870.67,0.001876096
0.165367,0.00669,2630.31,76663376.363,0.001637817
0.054884,0.012845,1905.04,223893876.875,0.013946795
0.157962,0.016375,755.48,9818987.862,0.000219636
0.199304,0.027217,4623.46,23184073.652,0.000410682
0.086986,0.014853,1522.31,67478892.677,0.002724794
0.068736,0.005826,2765.01,481225696.252,0.024342432
0.06847,0.009408,4372.14,474508264.517,0.024090448
0.122636,0.009593,3514.39,126346227.002,0.003639655
0.08988,0.018173,1773.29,60445191.492,0.002364434
0.127424,0.020713,2912.94,45092116.692,0.001250389
0.109341,0.02477,4430.47,76673166.556,0.002474794
0.076906,0.008408,1009.36,99223870.924,0.004511392
0.19694,0.02854,1538.0,7524539.221,0.000134894
0.195486,0.010195,2779.14,38603285.091,0.000697212
0.124608,0.027874,682.38,8190526.519,0.000232231
0.097303,0.019999,798.79,21329078.097,0.000772146
0.085483,0.016627,4463.86,182575942.374,0.007498006
0.164144,0.025725,3924.81,30174842.552,0.000649467
0.156158,0.026242,3566.65,29568122.579,0.000669059
0.160352,0.012541,1254.38,20685423.323,0.000455785
0.163479,0.009146,4637.55,101065853.846,0.002184169
0.139496,0.013236,4714.89,96126099.405,0.002435297
0.07327,0.017862,911.99,46106385.237,0.002195416
0.194814,0.019384,4116.5,30272793.242,0.000548647
0.092288,0.025045,3662.79,86233298.838,0.003287427
0.146552,0.028764,2450.71,20925193.447,0.000504591
0.112263,0.022303,4257.75,77851939.722,0.00244816
0.100261,0.021741,1440.67,33449754.699,0.001175883
0.132755,0.024229,793.92,9717726.19,0.00025868
0.159176,0.005386,4812.58,187415901.844,0.004160151
0.1203,0.015227,3742.0,87904285.632,0.002581122
0.128495,0.023271,881.41,11952626.505,0.000328691
0.134419,0.018953,4694.51,71736877.384,0.001885999
0.055941,0.01632,3339.83,298894211.866,0.01829913
0.132612,0.006854,3169.53,137426432.877,0.003662143
0.08333,0.009889,4454.11,321133356.589,0.013517505
0.079676,0.016357,3876.29,183531656.479,0.008066238
0.156097,0.018836,4131.71,47755043.557,0.00108101
0.119872,0.02051,4185.12,73485868.79,0.002165409
0.151714,0.021046,2327.58,25425085.992,0.000592207
0.133749,0.014902,3849.32,75526173.644,0.001995556
0.107065,0.016666,3899.56,104371801.649,0.00343951
0.125548,0.013451,4220.69,103492024.244,0.002912495
0.107144,0.026118,4033.58,68789582.041,0.002265252
0.117093,0.022822,654.75,10802017.355,0.0003258
0.10847,0.026508,3107.93,51024402.635,0.00165998
0.133674,0.021618,3549.52,48058190.045,0.001270503
0.13754,0.015516,1325.68,23685711.866,0.000608596
0.093896,0.012323,2438.35,112962228.641,0.00423443
0.199859,0.013814,2513.21,24699078.717,0.000436302
0.105744,0.019536,4765.54,111389273.199,0.003715954
0.183361,0.014428,1701.06,18869568.786,0.00036342
0.18266,0.017346,3584.94,33321937.498,0.000644239
0.060994,0.026664,1908.34,89836153.085,0.005080698
0.124179,0.009951,2391.09,80924360.959,0.002302383
0.174207,0.025689,2631.52,18081260.215,0.000366608
0.165187,0.016452,2180.1,25893092.879,0.000553779
0.131883,0.010034,1924.53,57603749.779,0.001543489
0.155979,0.024263,755.19,6786243.173,0.000153734
0.159924,0.025436,2503.37,20458413.213,0.000451995
0.059368,0.022073,1607.74,95886692.148,0.00555968
0.146504,0.014416,3367.24,57404346.281,0.00138471
0.08872,0.016913,2861.04,107353931.665,0.0042527
0.144652,0.010079,4829.23,120642278.168,0.00294743
0.093371,0.012651,1653.41,75402827.821,0.002842033
0.060121,0.015573,3973.26,328498949.801,0.018827029
0.156435,0.009889,1116.19,24472005.239,0.000552763
0.098214,0.024206,2696.35,58452038.896,0.002096811
0.188478,0.02141,3294.08,23363848.366,0.000437717
0.165154,0.023756,2047.27,16845199.95,0.000360342
0.088551,0.015941,2701.61,107941345.584,0.004283895
0.071258,0.016033,3379.2,200197595.023,0.009787807
0.070357,0.008451,1281.75,147429654.101,0.007295294
0.0925,0.029043,616.06,12454098.771,0.000473723
0.077561,0.009126,2634.57,234913734.785,0.010594411
0.052261,0.016454,1233.15,123077105.743,0.00801254
0.090446,0.024811,1328.3,32778198.964,0.001274373
0.142569,0.015158,2379.18,40631099.629,0.001007175
0.172527,0.009023,4657.15,92810934.733,0.001900198
0.184024,0.021708,722.51,5290466.588,0.000101524
0.149496,0.020009,3974.93,46972608.625,0.001110358
0.082075,0.028834,4487.89,114126770.967,0.004874774
0.067154,0.01288,646.0,53030600.072,0.002741938
0.174642,0.027877,4954.14,31219368.374,0.000631409
0.141789,0.02165,3552.82,42927966.633,0.001069971
0.135522,0.028811,3235.38,32020552.164,0.000834992
0.100359,0.017822,583.98,16510814.938,0.000579863
0.158619,0.022348,2394.73,22626040.226,0.00050401
0.177722,0.023888,2015.08,14331886.084,0.000284818
0.061625,0.008306,1329.23,197260231.958,0.01105035
0.095588,0.016188,4675.98,159484552.813,0.005874942
0.091763,0.027465,3562.08,77294208.483,0.002963099
0.178024,0.015081,514.75,5780130.65,0.000114673
0.168045,0.011137,1141.16,19375696.662,0.000407316
0.169924,0.022158,1455.87,12162776.387,0.000252848
0.090137,0.02848,1708.42,36961516.618,0.001441805
0.155361,0.008239,4167.66,111132266.107,0.002527609
0.067639,0.017901,658.48,38393235.281,0.001971739
0.132512,0.026166,879.79,10006869.843,0.000266865
0.091138,0.024117,3236.44,81001065.369,0.003125919
0.09692,0.020723,2546.2,66102315.703,0.002402268
0.179353,0.012323,3909.79,52969692.52,0.001043057
0.145351,0.023511,2202.18,23368826.812,0.000568178
0.158738,0.022461,2243.7,21062509.991,0.000468828
0.053968,0.029073,3711.2,198390475.235,0.012547613
0.080711,0.02327,1754.08,57007317.518,0.002474601
0.120393,0.026497,2516.32,33919371.981,0.000995211
0.093201,0.012637,846.58,38779938.064,0.001464265
0.082926,0.011778,1278.36,78083921.068,0.003302236
0.05946,0.016645,1464.78,115536275.31,0.006689484
0.160816,0.028063,1728.43,12667520.365,0.000278311
0.135837,0.017668,837.99,13464223.828,0.00035029
0.068731,0.027119,2633.68,98475673.211,0.004981644
0.170691,0.006665,3176.66,87479194.505,0.001810369
0.179797,0.026677,525.75,3274970.528,6.433e-05
0.128258,0.014225,3920.19,87273060.64,0.002404377
0.060983,0.011623,4156.89,449055674.048,0.025400597
0.120433,0.016329,4858.51,106207031.19,0.003115123
0.097984,0.006043,2264.9,197543688.064,0.007102696
0.073006,0.007047,3055.37,394078192.015,0.01882892
0.193036,0.019485,3412.02,25403326.342,0.000464649
0.098544,0.019278,3885.1,105088376.689,0.003757385
0.138393,0.025069,2977.12,32535086.304,0.000830828
0.079722,0.019568,2709.21,107113429.258,0.004705078
0.07489,0.020479,4176.32,176944595.097,0.008251745
0.070263,0.018624,3801.59,198902681.13,0.009854796
0.110453,0.011751,2175.26,77847857.687,0.002487712
0.131255,0.022167,3016.29,41238939.931,0.001110273
0.066054,0.025447,4657.37,199338109.134,0.010467621
0.065194,0.011238,1281.57,127154935.182,0.006759522
0.177373,0.027757,699.23,4296096.301,8.5545e-05
0.099863,0.009812,2612.9,135430816.705,0.004779542
0.188239,0.006754,1270.76,28638604.467,0.000537222
0.123054,0.018101,3854.76,72968816.83,0.002094912
0.115653,0.008528,2091.25,94518657.528,0.002885987
0.197314,0.023768,1023.55,5991185.977,0.000107201
0.171231,0.012773,4016.28,57359754.286,0.001183294
0.051908,0.026782,1230.4,76325446.927,0.004999143
0.118363,0.021544,2785.41,47694456.372,0.00142321
0.07481,0.008478,1780.4,182573377.166,0.008522993
0.057859,0.010414,1085.47,143559105.23,0.008522866
0.11972,0.013913,3140.75,81493947.386,0.002404428
0.092132,0.005848,1990.0,201289725.462,0.007686372
0.163277,0.011396,2320.47,40681134.173,0.000880263
0.163246,0.015167,4492.06,59192995.839,0.001281069
0.18771,0.012763,3811.84,45706499.614,0.000859815
0.087968,0.008488,2470.46,187664644.283,0.007495874
0.140371,0.02839,1156.56,10862994.75,0.000273493
0.156854,0.016887,1092.69,13958210.266,0.000314437
0.195899,0.022394,1079.86,6801477.824,0.000122582
0.185863,0.007577,916.97,18873308.897,0.000358579
0.099733,0.028449,648.61,11623892.797,0.000410749
0.187731,0.02029,801.73,6045800.855,0.000113719
0.135289,0.01647,3037.93,52768398.234,0.0013784
0.160581,0.021965,4987.52,46831162.786,0.001030412
0.0735,0.025321,2349.92,83323510.703,0.003955708
0.167496,0.027294,4963.99,34605669.527,0.000729874
0.089906,0.016323,4742.51,179877208.754,0.007034234
0.191861,0.014322,4730.94,48484421.27,0.000892274
0.110884,0.014369,3904.79,113444161.617,0.0036113
0.120682,0.016205,2237.54,49093720.403,0.001437008
0.114921,0.008495,774.67,35574404.847,0.001093071
0.163099,0.019112,3523.51,36908978.213,0.000799516
0.17035,0.010753,1551.98,26590950.565,0.000551402
0.091686,0.012598,3923.11,185873392.258,0.007131303
0.106127,0.01308,3363.36,116619294.567,0.003876585
0.077986,0.007661,3637.1,382501212.618,0.017160483
0.163467,0.012409,3362.19,54011371.123,0.001167344
0.055111,0.015108,3100.81,307638278.189,0.01909163
0.088013,0.013705,3242.97,152423031.052,0.006085184
0.138485,0.008855,3679.62,113704161.61,0.002901664
0.062004,0.029243,1410.63,58812902.397,0.00327595
0.088032,0.010008,4961.75,319247780.214,0.012742595
0.092989,0.020132,4957.85,143166418.668,0.005417734
0.19251,0.006059,2845.33,68485547.94,0.001256096
0.140196,0.02256,2011.59,23833186.788,0.000600788
0.099186,0.005107,658.57,66426692.573,0.00235998
0.132509,0.006897,1411.17,60893909.614,0.001623967
0.099991,0.006762,638.87,47937447.646,0.001689656
0.189038,0.01588,1421.98,13520458.854,0.00025255
0.156268,0.005236,1602.58,66495490.426,0.001503583
0.194112,0.027442,3361.66,17583509.61,0.000319829
0.06398,0.012951,625.7,55706723.991,0.00301375
0.082879,0.005636,1067.74,136435875.454,0.00577316
0.144982,0.007511,1200.93,40084327.9,0.000977074
0.185421,0.013386,1998.49,23389944.558,0.000445456
0.062981,0.024898,3543.7,168779852.505,0.009265844
0.13207,0.020448,951.71,13940219.216,0.000373001
